<xml xmlns:o="urn:schemas-microsoft-com:office:office">
 <o:MainFile HRef="../cd.htm"/>
 <o:File HRef="themedata.thmx"/>
 <o:File HRef="colorschememapping.xml"/>
 <o:File HRef="image001.jpg"/>
 <o:File HRef="image002.gif"/>
 <o:File HRef="image003.gif"/>
 <o:File HRef="image004.jpg"/>
 <o:File HRef="image005.jpg"/>
 <o:File HRef="image006.gif"/>
 <o:File HRef="image007.jpg"/>
 <o:File HRef="image008.jpg"/>
 <o:File HRef="image009.jpg"/>
 <o:File HRef="image010.gif"/>
 <o:File HRef="image011.gif"/>
 <o:File HRef="image012.gif"/>
 <o:File HRef="image013.gif"/>
 <o:File HRef="image014.jpg"/>
 <o:File HRef="image015.gif"/>
 <o:File HRef="image016.jpg"/>
 <o:File HRef="image017.gif"/>
 <o:File HRef="image018.gif"/>
 <o:File HRef="image019.gif"/>
 <o:File HRef="image020.gif"/>
 <o:File HRef="image021.gif"/>
 <o:File HRef="image022.gif"/>
 <o:File HRef="image023.gif"/>
 <o:File HRef="image024.gif"/>
 <o:File HRef="image025.gif"/>
 <o:File HRef="image026.gif"/>
 <o:File HRef="image027.jpg"/>
 <o:File HRef="image028.gif"/>
 <o:File HRef="image029.jpg"/>
 <o:File HRef="image030.gif"/>
 <o:File HRef="image031.jpg"/>
 <o:File HRef="image032.gif"/>
 <o:File HRef="image033.gif"/>
 <o:File HRef="image034.jpg"/>
 <o:File HRef="image035.gif"/>
 <o:File HRef="image036.gif"/>
 <o:File HRef="image037.gif"/>
 <o:File HRef="image038.gif"/>
 <o:File HRef="image039.gif"/>
 <o:File HRef="image040.jpg"/>
 <o:File HRef="image041.jpg"/>
 <o:File HRef="image042.gif"/>
 <o:File HRef="image043.jpg"/>
 <o:File HRef="image044.gif"/>
 <o:File HRef="image045.jpg"/>
 <o:File HRef="image046.gif"/>
 <o:File HRef="image047.gif"/>
 <o:File HRef="image048.jpg"/>
 <o:File HRef="image049.gif"/>
 <o:File HRef="image050.jpg"/>
 <o:File HRef="image051.gif"/>
 <o:File HRef="image052.gif"/>
 <o:File HRef="image053.jpg"/>
 <o:File HRef="image054.gif"/>
 <o:File HRef="image055.jpg"/>
 <o:File HRef="image056.gif"/>
 <o:File HRef="image057.jpg"/>
 <o:File HRef="image058.jpg"/>
 <o:File HRef="image059.gif"/>
 <o:File HRef="image060.gif"/>
 <o:File HRef="image061.jpg"/>
 <o:File HRef="image062.gif"/>
 <o:File HRef="image063.jpg"/>
 <o:File HRef="image064.jpg"/>
 <o:File HRef="image065.gif"/>
 <o:File HRef="image066.gif"/>
 <o:File HRef="image067.gif"/>
 <o:File HRef="image068.gif"/>
 <o:File HRef="image069.gif"/>
 <o:File HRef="image070.jpg"/>
 <o:File HRef="image071.gif"/>
 <o:File HRef="image072.jpg"/>
 <o:File HRef="image073.jpg"/>
 <o:File HRef="image074.gif"/>
 <o:File HRef="image075.gif"/>
 <o:File HRef="image076.gif"/>
 <o:File HRef="image077.gif"/>
 <o:File HRef="image078.gif"/>
 <o:File HRef="image079.gif"/>
 <o:File HRef="image080.gif"/>
 <o:File HRef="image081.gif"/>
 <o:File HRef="image082.jpg"/>
 <o:File HRef="image083.jpg"/>
 <o:File HRef="image084.jpg"/>
 <o:File HRef="image085.jpg"/>
 <o:File HRef="image086.jpg"/>
 <o:File HRef="image087.jpg"/>
 <o:File HRef="image088.jpg"/>
 <o:File HRef="image089.gif"/>
 <o:File HRef="image090.gif"/>
 <o:File HRef="image091.gif"/>
 <o:File HRef="image092.gif"/>
 <o:File HRef="image093.jpg"/>
 <o:File HRef="image094.jpg"/>
 <o:File HRef="image095.jpg"/>
 <o:File HRef="image096.gif"/>
 <o:File HRef="image097.gif"/>
 <o:File HRef="image098.jpg"/>
 <o:File HRef="image099.jpg"/>
 <o:File HRef="image100.jpg"/>
 <o:File HRef="image101.jpg"/>
 <o:File HRef="image102.jpg"/>
 <o:File HRef="image103.jpg"/>
 <o:File HRef="image104.gif"/>
 <o:File HRef="image105.jpg"/>
 <o:File HRef="image106.jpg"/>
 <o:File HRef="image107.gif"/>
 <o:File HRef="image108.jpg"/>
 <o:File HRef="image109.jpg"/>
 <o:File HRef="image110.jpg"/>
 <o:File HRef="image111.gif"/>
 <o:File HRef="image112.gif"/>
 <o:File HRef="image113.gif"/>
 <o:File HRef="image114.gif"/>
 <o:File HRef="image115.gif"/>
 <o:File HRef="image116.gif"/>
 <o:File HRef="image117.gif"/>
 <o:File HRef="image118.gif"/>
 <o:File HRef="image119.gif"/>
 <o:File HRef="image120.gif"/>
 <o:File HRef="image121.gif"/>
 <o:File HRef="image122.gif"/>
 <o:File HRef="image123.jpg"/>
 <o:File HRef="image124.jpg"/>
 <o:File HRef="image125.jpg"/>
 <o:File HRef="image126.gif"/>
 <o:File HRef="image127.gif"/>
 <o:File HRef="image128.gif"/>
 <o:File HRef="image129.gif"/>
 <o:File HRef="image130.jpg"/>
 <o:File HRef="image131.jpg"/>
 <o:File HRef="image132.jpg"/>
 <o:File HRef="image133.gif"/>
 <o:File HRef="image134.gif"/>
 <o:File HRef="image135.gif"/>
 <o:File HRef="image136.jpg"/>
 <o:File HRef="image137.gif"/>
 <o:File HRef="image138.jpg"/>
 <o:File HRef="image139.jpg"/>
 <o:File HRef="image140.jpg"/>
 <o:File HRef="image141.gif"/>
 <o:File HRef="image142.gif"/>
 <o:File HRef="image143.gif"/>
 <o:File HRef="image144.jpg"/>
 <o:File HRef="image145.gif"/>
 <o:File HRef="image146.gif"/>
 <o:File HRef="image147.jpg"/>
 <o:File HRef="image148.jpg"/>
 <o:File HRef="image149.jpg"/>
 <o:File HRef="image150.jpg"/>
 <o:File HRef="image151.jpg"/>
 <o:File HRef="image152.jpg"/>
 <o:File HRef="image153.jpg"/>
 <o:File HRef="image154.gif"/>
 <o:File HRef="image155.gif"/>
 <o:File HRef="filelist.xml"/>
</xml>