<xml xmlns:o="urn:schemas-microsoft-com:office:office">
 <o:MainFile HRef="../AI.htm"/>
 <o:File HRef="themedata.thmx"/>
 <o:File HRef="colorschememapping.xml"/>
 <o:File HRef="image001.jpg"/>
 <o:File HRef="image002.gif"/>
 <o:File HRef="image003.jpg"/>
 <o:File HRef="image004.jpg"/>
 <o:File HRef="image005.jpg"/>
 <o:File HRef="image006.jpg"/>
 <o:File HRef="image007.jpg"/>
 <o:File HRef="image008.jpg"/>
 <o:File HRef="image009.jpg"/>
 <o:File HRef="image010.jpg"/>
 <o:File HRef="image011.jpg"/>
 <o:File HRef="image012.jpg"/>
 <o:File HRef="image013.gif"/>
 <o:File HRef="image014.jpg"/>
 <o:File HRef="image015.jpg"/>
 <o:File HRef="image016.jpg"/>
 <o:File HRef="image017.jpg"/>
 <o:File HRef="image018.jpg"/>
 <o:File HRef="image019.gif"/>
 <o:File HRef="image020.jpg"/>
 <o:File HRef="image021.jpg"/>
 <o:File HRef="image022.jpg"/>
 <o:File HRef="image023.jpg"/>
 <o:File HRef="image024.gif"/>
 <o:File HRef="image025.jpg"/>
 <o:File HRef="image026.gif"/>
 <o:File HRef="image027.jpg"/>
 <o:File HRef="image028.gif"/>
 <o:File HRef="image029.jpg"/>
 <o:File HRef="image030.jpg"/>
 <o:File HRef="image031.gif"/>
 <o:File HRef="image032.jpg"/>
 <o:File HRef="image033.jpg"/>
 <o:File HRef="image034.jpg"/>
 <o:File HRef="image035.jpg"/>
 <o:File HRef="image036.jpg"/>
 <o:File HRef="image037.jpg"/>
 <o:File HRef="image038.jpg"/>
 <o:File HRef="image039.jpg"/>
 <o:File HRef="image040.jpg"/>
 <o:File HRef="image041.jpg"/>
 <o:File HRef="image042.jpg"/>
 <o:File HRef="image043.jpg"/>
 <o:File HRef="image044.jpg"/>
 <o:File HRef="image045.jpg"/>
 <o:File HRef="image046.jpg"/>
 <o:File HRef="image047.jpg"/>
 <o:File HRef="image048.jpg"/>
 <o:File HRef="image049.jpg"/>
 <o:File HRef="image050.gif"/>
 <o:File HRef="image051.gif"/>
 <o:File HRef="image052.gif"/>
 <o:File HRef="image053.gif"/>
 <o:File HRef="image054.gif"/>
 <o:File HRef="image055.gif"/>
 <o:File HRef="image056.gif"/>
 <o:File HRef="image057.gif"/>
 <o:File HRef="image058.gif"/>
 <o:File HRef="image059.jpg"/>
 <o:File HRef="image060.jpg"/>
 <o:File HRef="image061.jpg"/>
 <o:File HRef="image062.jpg"/>
 <o:File HRef="image063.jpg"/>
 <o:File HRef="image064.jpg"/>
 <o:File HRef="image065.jpg"/>
 <o:File HRef="image066.jpg"/>
 <o:File HRef="image067.jpg"/>
 <o:File HRef="image068.jpg"/>
 <o:File HRef="image069.jpg"/>
 <o:File HRef="image070.jpg"/>
 <o:File HRef="image071.gif"/>
 <o:File HRef="image072.jpg"/>
 <o:File HRef="image073.jpg"/>
 <o:File HRef="image074.jpg"/>
 <o:File HRef="image075.jpg"/>
 <o:File HRef="image076.jpg"/>
 <o:File HRef="image077.jpg"/>
 <o:File HRef="image078.jpg"/>
 <o:File HRef="image079.gif"/>
 <o:File HRef="image080.jpg"/>
 <o:File HRef="image081.gif"/>
 <o:File HRef="image082.gif"/>
 <o:File HRef="image083.gif"/>
 <o:File HRef="image084.gif"/>
 <o:File HRef="image085.gif"/>
 <o:File HRef="image086.jpg"/>
 <o:File HRef="image087.gif"/>
 <o:File HRef="image088.jpg"/>
 <o:File HRef="image089.gif"/>
 <o:File HRef="image090.gif"/>
 <o:File HRef="image091.gif"/>
 <o:File HRef="image092.gif"/>
 <o:File HRef="image093.gif"/>
 <o:File HRef="image094.gif"/>
 <o:File HRef="image095.gif"/>
 <o:File HRef="image096.gif"/>
 <o:File HRef="image097.gif"/>
 <o:File HRef="image098.gif"/>
 <o:File HRef="image099.gif"/>
 <o:File HRef="image100.gif"/>
 <o:File HRef="image101.gif"/>
 <o:File HRef="image102.jpg"/>
 <o:File HRef="image103.jpg"/>
 <o:File HRef="image104.jpg"/>
 <o:File HRef="image105.jpg"/>
 <o:File HRef="image106.gif"/>
 <o:File HRef="image107.gif"/>
 <o:File HRef="image108.gif"/>
 <o:File HRef="image109.jpg"/>
 <o:File HRef="image110.jpg"/>
 <o:File HRef="image111.gif"/>
 <o:File HRef="image112.jpg"/>
 <o:File HRef="image113.gif"/>
 <o:File HRef="image114.jpg"/>
 <o:File HRef="image115.gif"/>
 <o:File HRef="image116.jpg"/>
 <o:File HRef="image117.jpg"/>
 <o:File HRef="image118.jpg"/>
 <o:File HRef="image119.jpg"/>
 <o:File HRef="image120.jpg"/>
 <o:File HRef="image121.jpg"/>
 <o:File HRef="image122.jpg"/>
 <o:File HRef="image123.jpg"/>
 <o:File HRef="image124.jpg"/>
 <o:File HRef="image125.jpg"/>
 <o:File HRef="image126.jpg"/>
 <o:File HRef="image127.jpg"/>
 <o:File HRef="image128.jpg"/>
 <o:File HRef="image129.jpg"/>
 <o:File HRef="image130.jpg"/>
 <o:File HRef="image131.jpg"/>
 <o:File HRef="image132.jpg"/>
 <o:File HRef="image133.jpg"/>
 <o:File HRef="image134.jpg"/>
 <o:File HRef="image135.jpg"/>
 <o:File HRef="image136.jpg"/>
 <o:File HRef="image137.jpg"/>
 <o:File HRef="image138.jpg"/>
 <o:File HRef="image139.jpg"/>
 <o:File HRef="image140.jpg"/>
 <o:File HRef="image141.jpg"/>
 <o:File HRef="image142.jpg"/>
 <o:File HRef="image143.jpg"/>
 <o:File HRef="image144.jpg"/>
 <o:File HRef="image145.jpg"/>
 <o:File HRef="image146.jpg"/>
 <o:File HRef="image147.jpg"/>
 <o:File HRef="image148.jpg"/>
 <o:File HRef="image149.jpg"/>
 <o:File HRef="image150.jpg"/>
 <o:File HRef="image151.jpg"/>
 <o:File HRef="image152.jpg"/>
 <o:File HRef="image153.jpg"/>
 <o:File HRef="image154.jpg"/>
 <o:File HRef="image155.jpg"/>
 <o:File HRef="image156.jpg"/>
 <o:File HRef="image157.jpg"/>
 <o:File HRef="image158.jpg"/>
 <o:File HRef="image159.jpg"/>
 <o:File HRef="image160.jpg"/>
 <o:File HRef="image161.jpg"/>
 <o:File HRef="image162.jpg"/>
 <o:File HRef="image163.jpg"/>
 <o:File HRef="image164.jpg"/>
 <o:File HRef="image165.jpg"/>
 <o:File HRef="image166.jpg"/>
 <o:File HRef="image167.jpg"/>
 <o:File HRef="image168.jpg"/>
 <o:File HRef="image169.jpg"/>
 <o:File HRef="image170.jpg"/>
 <o:File HRef="image171.jpg"/>
 <o:File HRef="image172.jpg"/>
 <o:File HRef="image173.jpg"/>
 <o:File HRef="image174.jpg"/>
 <o:File HRef="image175.jpg"/>
 <o:File HRef="image176.gif"/>
 <o:File HRef="image177.gif"/>
 <o:File HRef="image178.jpg"/>
 <o:File HRef="image179.jpg"/>
 <o:File HRef="image180.jpg"/>
 <o:File HRef="image181.jpg"/>
 <o:File HRef="image182.jpg"/>
 <o:File HRef="image183.jpg"/>
 <o:File HRef="image184.jpg"/>
 <o:File HRef="image185.jpg"/>
 <o:File HRef="image186.jpg"/>
 <o:File HRef="image187.jpg"/>
 <o:File HRef="image188.jpg"/>
 <o:File HRef="image189.jpg"/>
 <o:File HRef="image190.jpg"/>
 <o:File HRef="image191.jpg"/>
 <o:File HRef="image192.jpg"/>
 <o:File HRef="image193.jpg"/>
 <o:File HRef="image194.jpg"/>
 <o:File HRef="image195.jpg"/>
 <o:File HRef="image196.jpg"/>
 <o:File HRef="image197.jpg"/>
 <o:File HRef="image198.gif"/>
 <o:File HRef="image199.gif"/>
 <o:File HRef="image200.jpg"/>
 <o:File HRef="image201.jpg"/>
 <o:File HRef="image202.jpg"/>
 <o:File HRef="image203.jpg"/>
 <o:File HRef="image204.jpg"/>
 <o:File HRef="image205.jpg"/>
 <o:File HRef="image206.gif"/>
 <o:File HRef="image207.jpg"/>
 <o:File HRef="image208.jpg"/>
 <o:File HRef="image209.jpg"/>
 <o:File HRef="image210.gif"/>
 <o:File HRef="image211.gif"/>
 <o:File HRef="image212.gif"/>
 <o:File HRef="image213.gif"/>
 <o:File HRef="image214.gif"/>
 <o:File HRef="image215.jpg"/>
 <o:File HRef="image216.jpg"/>
 <o:File HRef="image217.jpg"/>
 <o:File HRef="image218.jpg"/>
 <o:File HRef="image219.jpg"/>
 <o:File HRef="image220.jpg"/>
 <o:File HRef="image221.jpg"/>
 <o:File HRef="image222.jpg"/>
 <o:File HRef="image223.gif"/>
 <o:File HRef="image224.gif"/>
 <o:File HRef="image225.gif"/>
 <o:File HRef="image226.jpg"/>
 <o:File HRef="image227.gif"/>
 <o:File HRef="image228.jpg"/>
 <o:File HRef="image229.gif"/>
 <o:File HRef="image230.gif"/>
 <o:File HRef="image231.jpg"/>
 <o:File HRef="image232.gif"/>
 <o:File HRef="image233.jpg"/>
 <o:File HRef="image234.gif"/>
 <o:File HRef="image235.jpg"/>
 <o:File HRef="image236.gif"/>
 <o:File HRef="image237.jpg"/>
 <o:File HRef="image238.gif"/>
 <o:File HRef="image239.jpg"/>
 <o:File HRef="image240.jpg"/>
 <o:File HRef="image241.jpg"/>
 <o:File HRef="image242.jpg"/>
 <o:File HRef="image243.gif"/>
 <o:File HRef="image244.gif"/>
 <o:File HRef="image245.gif"/>
 <o:File HRef="image246.gif"/>
 <o:File HRef="image247.gif"/>
 <o:File HRef="image248.gif"/>
 <o:File HRef="image249.gif"/>
 <o:File HRef="image250.gif"/>
 <o:File HRef="image251.gif"/>
 <o:File HRef="image252.gif"/>
 <o:File HRef="image253.gif"/>
 <o:File HRef="image254.gif"/>
 <o:File HRef="image255.gif"/>
 <o:File HRef="image256.gif"/>
 <o:File HRef="image257.gif"/>
 <o:File HRef="image258.gif"/>
 <o:File HRef="image259.jpg"/>
 <o:File HRef="image260.gif"/>
 <o:File HRef="image261.jpg"/>
 <o:File HRef="image262.gif"/>
 <o:File HRef="image263.gif"/>
 <o:File HRef="image264.gif"/>
 <o:File HRef="image265.jpg"/>
 <o:File HRef="image266.jpg"/>
 <o:File HRef="image267.jpg"/>
 <o:File HRef="image268.gif"/>
 <o:File HRef="image269.jpg"/>
 <o:File HRef="image270.gif"/>
 <o:File HRef="image271.jpg"/>
 <o:File HRef="image272.gif"/>
 <o:File HRef="image273.jpg"/>
 <o:File HRef="image274.gif"/>
 <o:File HRef="image275.gif"/>
 <o:File HRef="image276.gif"/>
 <o:File HRef="image277.gif"/>
 <o:File HRef="image278.gif"/>
 <o:File HRef="image279.gif"/>
 <o:File HRef="image280.gif"/>
 <o:File HRef="image281.gif"/>
 <o:File HRef="image282.gif"/>
 <o:File HRef="image283.gif"/>
 <o:File HRef="image284.gif"/>
 <o:File HRef="image285.gif"/>
 <o:File HRef="image286.gif"/>
 <o:File HRef="image287.gif"/>
 <o:File HRef="image288.gif"/>
 <o:File HRef="image289.jpg"/>
 <o:File HRef="image290.jpg"/>
 <o:File HRef="image291.jpg"/>
 <o:File HRef="image292.jpg"/>
 <o:File HRef="image293.jpg"/>
 <o:File HRef="image294.gif"/>
 <o:File HRef="image295.jpg"/>
 <o:File HRef="image296.jpg"/>
 <o:File HRef="image297.jpg"/>
 <o:File HRef="image298.gif"/>
 <o:File HRef="image299.jpg"/>
 <o:File HRef="image300.jpg"/>
 <o:File HRef="image301.jpg"/>
 <o:File HRef="image302.jpg"/>
 <o:File HRef="image303.jpg"/>
 <o:File HRef="image304.jpg"/>
 <o:File HRef="image305.jpg"/>
 <o:File HRef="image306.jpg"/>
 <o:File HRef="image307.jpg"/>
 <o:File HRef="image308.gif"/>
 <o:File HRef="image309.jpg"/>
 <o:File HRef="image310.jpg"/>
 <o:File HRef="image311.jpg"/>
 <o:File HRef="image312.jpg"/>
 <o:File HRef="image313.jpg"/>
 <o:File HRef="image314.gif"/>
 <o:File HRef="image315.jpg"/>
 <o:File HRef="image316.gif"/>
 <o:File HRef="image317.jpg"/>
 <o:File HRef="image318.jpg"/>
 <o:File HRef="image319.jpg"/>
 <o:File HRef="image320.gif"/>
 <o:File HRef="image321.jpg"/>
 <o:File HRef="image322.jpg"/>
 <o:File HRef="image323.jpg"/>
 <o:File HRef="image324.jpg"/>
 <o:File HRef="image325.jpg"/>
 <o:File HRef="image326.jpg"/>
 <o:File HRef="image327.jpg"/>
 <o:File HRef="image328.jpg"/>
 <o:File HRef="image329.jpg"/>
 <o:File HRef="image330.gif"/>
 <o:File HRef="image331.jpg"/>
 <o:File HRef="image332.jpg"/>
 <o:File HRef="image333.jpg"/>
 <o:File HRef="image334.gif"/>
 <o:File HRef="image335.jpg"/>
 <o:File HRef="image336.gif"/>
 <o:File HRef="image337.jpg"/>
 <o:File HRef="image338.jpg"/>
 <o:File HRef="image339.jpg"/>
 <o:File HRef="image340.jpg"/>
 <o:File HRef="image341.jpg"/>
 <o:File HRef="image342.jpg"/>
 <o:File HRef="image343.jpg"/>
 <o:File HRef="image344.jpg"/>
 <o:File HRef="image345.jpg"/>
 <o:File HRef="image346.jpg"/>
 <o:File HRef="image347.gif"/>
 <o:File HRef="filelist.xml"/>
</xml>