<xml xmlns:o="urn:schemas-microsoft-com:office:office">
 <o:MainFile HRef="../dld.htm"/>
 <o:File HRef="themedata.thmx"/>
 <o:File HRef="colorschememapping.xml"/>
 <o:File HRef="image001.jpg"/>
 <o:File HRef="image002.gif"/>
 <o:File HRef="image003.jpg"/>
 <o:File HRef="image004.gif"/>
 <o:File HRef="image005.jpg"/>
 <o:File HRef="image006.gif"/>
 <o:File HRef="image007.jpg"/>
 <o:File HRef="image008.gif"/>
 <o:File HRef="image009.jpg"/>
 <o:File HRef="image010.gif"/>
 <o:File HRef="image011.jpg"/>
 <o:File HRef="image012.gif"/>
 <o:File HRef="image013.jpg"/>
 <o:File HRef="image014.gif"/>
 <o:File HRef="image015.jpg"/>
 <o:File HRef="image016.gif"/>
 <o:File HRef="image017.jpg"/>
 <o:File HRef="image018.gif"/>
 <o:File HRef="image019.jpg"/>
 <o:File HRef="image020.gif"/>
 <o:File HRef="image021.gif"/>
 <o:File HRef="image022.jpg"/>
 <o:File HRef="image023.jpg"/>
 <o:File HRef="image021.gif"/>
 <o:File HRef="image024.jpg"/>
 <o:File HRef="image025.jpg"/>
 <o:File HRef="image025.jpg"/>
 <o:File HRef="image026.jpg"/>
 <o:File HRef="image027.jpg"/>
 <o:File HRef="image025.jpg"/>
 <o:File HRef="image028.jpg"/>
 <o:File HRef="image029.jpg"/>
 <o:File HRef="image030.jpg"/>
 <o:File HRef="image031.jpg"/>
 <o:File HRef="image032.jpg"/>
 <o:File HRef="image033.gif"/>
 <o:File HRef="image034.jpg"/>
 <o:File HRef="image035.gif"/>
 <o:File HRef="image036.jpg"/>
 <o:File HRef="image037.gif"/>
 <o:File HRef="image038.jpg"/>
 <o:File HRef="image039.gif"/>
 <o:File HRef="image040.jpg"/>
 <o:File HRef="image041.gif"/>
 <o:File HRef="image042.jpg"/>
 <o:File HRef="image043.gif"/>
 <o:File HRef="image044.jpg"/>
 <o:File HRef="image045.gif"/>
 <o:File HRef="image046.jpg"/>
 <o:File HRef="image116.gif"/>
 <o:File HRef="image048.jpg"/>
 <o:File HRef="image049.gif"/>
 <o:File HRef="image050.jpg"/>
 <o:File HRef="image051.gif"/>
 <o:File HRef="image052.jpg"/>
 <o:File HRef="image053.gif"/>
 <o:File HRef="image054.jpg"/>
 <o:File HRef="image055.gif"/>
 <o:File HRef="image056.jpg"/>
 <o:File HRef="image057.gif"/>
 <o:File HRef="image058.jpg"/>
 <o:File HRef="image059.gif"/>
 <o:File HRef="image060.jpg"/>
 <o:File HRef="image061.gif"/>
 <o:File HRef="image062.jpg"/>
 <o:File HRef="image063.gif"/>
 <o:File HRef="image064.jpg"/>
 <o:File HRef="image065.gif"/>
 <o:File HRef="image066.jpg"/>
 <o:File HRef="image067.gif"/>
 <o:File HRef="image068.jpg"/>
 <o:File HRef="image069.gif"/>
 <o:File HRef="image070.jpg"/>
 <o:File HRef="image071.gif"/>
 <o:File HRef="image072.gif"/>
 <o:File HRef="image073.gif"/>
 <o:File HRef="image074.gif"/>
 <o:File HRef="image073.gif"/>
 <o:File HRef="image073.gif"/>
 <o:File HRef="image075.jpg"/>
 <o:File HRef="image076.gif"/>
 <o:File HRef="image077.jpg"/>
 <o:File HRef="image078.gif"/>
 <o:File HRef="image079.jpg"/>
 <o:File HRef="image080.gif"/>
 <o:File HRef="image081.jpg"/>
 <o:File HRef="image082.gif"/>
 <o:File HRef="image083.jpg"/>
 <o:File HRef="image084.gif"/>
 <o:File HRef="image085.jpg"/>
 <o:File HRef="image086.gif"/>
 <o:File HRef="image087.jpg"/>
 <o:File HRef="image088.gif"/>
 <o:File HRef="image089.jpg"/>
 <o:File HRef="image090.gif"/>
 <o:File HRef="image091.jpg"/>
 <o:File HRef="image092.gif"/>
 <o:File HRef="image093.jpg"/>
 <o:File HRef="image094.jpg"/>
 <o:File HRef="image095.jpg"/>
 <o:File HRef="image096.jpg"/>
 <o:File HRef="image097.jpg"/>
 <o:File HRef="image098.gif"/>
 <o:File HRef="image094.jpg"/>
 <o:File HRef="image096.jpg"/>
 <o:File HRef="image099.jpg"/>
 <o:File HRef="image100.gif"/>
 <o:File HRef="image101.jpg"/>
 <o:File HRef="image102.gif"/>
 <o:File HRef="image103.jpg"/>
 <o:File HRef="image104.gif"/>
 <o:File HRef="image094.jpg"/>
 <o:File HRef="image096.jpg"/>
 <o:File HRef="image105.gif"/>
 <o:File HRef="image106.jpg"/>
 <o:File HRef="image107.gif"/>
 <o:File HRef="image108.jpg"/>
 <o:File HRef="image109.gif"/>
 <o:File HRef="image110.gif"/>
 <o:File HRef="image111.gif"/>
 <o:File HRef="image112.gif"/>
 <o:File HRef="image021.gif"/>
 <o:File HRef="image113.gif"/>
 <o:File HRef="image114.jpg"/>
 <o:File HRef="image115.jpg"/>
 <o:File HRef="header.htm"/>
 <o:File HRef="filelist.xml"/>
</xml>