<xml xmlns:o="urn:schemas-microsoft-com:office:office">
 <o:MainFile HRef="../rptext.htm"/>
 <o:File HRef="themedata.thmx"/>
 <o:File HRef="colorschememapping.xml"/>
 <o:File HRef="image001.jpg"/>
 <o:File HRef="image002.gif"/>
 <o:File HRef="image003.jpg"/>
 <o:File HRef="image004.jpg"/>
 <o:File HRef="image005.jpg"/>
 <o:File HRef="image006.gif"/>
 <o:File HRef="image007.gif"/>
 <o:File HRef="image008.jpg"/>
 <o:File HRef="image009.jpg"/>
 <o:File HRef="image010.jpg"/>
 <o:File HRef="image011.jpg"/>
 <o:File HRef="image012.jpg"/>
 <o:File HRef="image013.jpg"/>
 <o:File HRef="image014.jpg"/>
 <o:File HRef="image015.jpg"/>
 <o:File HRef="image016.jpg"/>
 <o:File HRef="image017.jpg"/>
 <o:File HRef="image018.jpg"/>
 <o:File HRef="image019.jpg"/>
 <o:File HRef="image020.jpg"/>
 <o:File HRef="image021.jpg"/>
 <o:File HRef="image022.jpg"/>
 <o:File HRef="image023.jpg"/>
 <o:File HRef="image024.jpg"/>
 <o:File HRef="image025.jpg"/>
 <o:File HRef="image026.jpg"/>
 <o:File HRef="image027.jpg"/>
 <o:File HRef="image028.jpg"/>
 <o:File HRef="image029.jpg"/>
 <o:File HRef="image030.jpg"/>
 <o:File HRef="image031.jpg"/>
 <o:File HRef="image032.jpg"/>
 <o:File HRef="image033.gif"/>
 <o:File HRef="image034.gif"/>
 <o:File HRef="image035.gif"/>
 <o:File HRef="image036.gif"/>
 <o:File HRef="image037.gif"/>
 <o:File HRef="image038.jpg"/>
 <o:File HRef="image039.jpg"/>
 <o:File HRef="image040.jpg"/>
 <o:File HRef="image041.gif"/>
 <o:File HRef="image042.jpg"/>
 <o:File HRef="image043.jpg"/>
 <o:File HRef="image044.jpg"/>
 <o:File HRef="image045.jpg"/>
 <o:File HRef="image046.jpg"/>
 <o:File HRef="image047.jpg"/>
 <o:File HRef="image048.jpg"/>
 <o:File HRef="image049.jpg"/>
 <o:File HRef="image050.jpg"/>
 <o:File HRef="image051.jpg"/>
 <o:File HRef="image052.jpg"/>
 <o:File HRef="image053.jpg"/>
 <o:File HRef="image054.jpg"/>
 <o:File HRef="image055.jpg"/>
 <o:File HRef="image056.jpg"/>
 <o:File HRef="image057.jpg"/>
 <o:File HRef="image058.jpg"/>
 <o:File HRef="image059.jpg"/>
 <o:File HRef="image060.jpg"/>
 <o:File HRef="image061.jpg"/>
 <o:File HRef="image062.jpg"/>
 <o:File HRef="image063.jpg"/>
 <o:File HRef="image064.jpg"/>
 <o:File HRef="image065.jpg"/>
 <o:File HRef="image066.jpg"/>
 <o:File HRef="image067.jpg"/>
 <o:File HRef="image068.jpg"/>
 <o:File HRef="image069.jpg"/>
 <o:File HRef="image070.jpg"/>
 <o:File HRef="image071.jpg"/>
 <o:File HRef="image072.jpg"/>
 <o:File HRef="image073.jpg"/>
 <o:File HRef="image074.jpg"/>
 <o:File HRef="image075.jpg"/>
 <o:File HRef="image076.jpg"/>
 <o:File HRef="image077.jpg"/>
 <o:File HRef="image078.jpg"/>
 <o:File HRef="image079.jpg"/>
 <o:File HRef="image080.jpg"/>
 <o:File HRef="image081.jpg"/>
 <o:File HRef="image082.jpg"/>
 <o:File HRef="image083.jpg"/>
 <o:File HRef="image084.jpg"/>
 <o:File HRef="image085.jpg"/>
 <o:File HRef="image086.jpg"/>
 <o:File HRef="image087.jpg"/>
 <o:File HRef="image088.jpg"/>
 <o:File HRef="image089.jpg"/>
 <o:File HRef="image090.jpg"/>
 <o:File HRef="image091.jpg"/>
 <o:File HRef="image092.jpg"/>
 <o:File HRef="image093.jpg"/>
 <o:File HRef="image094.jpg"/>
 <o:File HRef="image095.jpg"/>
 <o:File HRef="image096.jpg"/>
 <o:File HRef="image097.jpg"/>
 <o:File HRef="image098.jpg"/>
 <o:File HRef="image099.jpg"/>
 <o:File HRef="image100.jpg"/>
 <o:File HRef="image101.jpg"/>
 <o:File HRef="image102.jpg"/>
 <o:File HRef="image103.jpg"/>
 <o:File HRef="image104.jpg"/>
 <o:File HRef="image105.jpg"/>
 <o:File HRef="image106.jpg"/>
 <o:File HRef="image107.jpg"/>
 <o:File HRef="image108.jpg"/>
 <o:File HRef="image109.jpg"/>
 <o:File HRef="image110.jpg"/>
 <o:File HRef="image111.jpg"/>
 <o:File HRef="image112.jpg"/>
 <o:File HRef="image113.jpg"/>
 <o:File HRef="image114.jpg"/>
 <o:File HRef="image115.jpg"/>
 <o:File HRef="image116.jpg"/>
 <o:File HRef="image117.jpg"/>
 <o:File HRef="image118.jpg"/>
 <o:File HRef="image119.jpg"/>
 <o:File HRef="image120.jpg"/>
 <o:File HRef="image121.jpg"/>
 <o:File HRef="image122.jpg"/>
 <o:File HRef="image123.jpg"/>
 <o:File HRef="image124.jpg"/>
 <o:File HRef="image125.jpg"/>
 <o:File HRef="image126.jpg"/>
 <o:File HRef="image127.jpg"/>
 <o:File HRef="image128.jpg"/>
 <o:File HRef="image129.jpg"/>
 <o:File HRef="image130.jpg"/>
 <o:File HRef="image131.jpg"/>
 <o:File HRef="image132.jpg"/>
 <o:File HRef="image133.jpg"/>
 <o:File HRef="image134.jpg"/>
 <o:File HRef="image135.jpg"/>
 <o:File HRef="image136.jpg"/>
 <o:File HRef="image137.jpg"/>
 <o:File HRef="image138.jpg"/>
 <o:File HRef="image139.jpg"/>
 <o:File HRef="image140.jpg"/>
 <o:File HRef="image141.jpg"/>
 <o:File HRef="image142.jpg"/>
 <o:File HRef="image143.jpg"/>
 <o:File HRef="image144.jpg"/>
 <o:File HRef="image145.jpg"/>
 <o:File HRef="image146.jpg"/>
 <o:File HRef="image147.jpg"/>
 <o:File HRef="image148.jpg"/>
 <o:File HRef="image149.jpg"/>
 <o:File HRef="image150.jpg"/>
 <o:File HRef="image151.jpg"/>
 <o:File HRef="image152.jpg"/>
 <o:File HRef="image153.jpg"/>
 <o:File HRef="image154.jpg"/>
 <o:File HRef="image155.jpg"/>
 <o:File HRef="image156.jpg"/>
 <o:File HRef="image157.jpg"/>
 <o:File HRef="image158.jpg"/>
 <o:File HRef="image159.jpg"/>
 <o:File HRef="image160.jpg"/>
 <o:File HRef="image161.jpg"/>
 <o:File HRef="image162.jpg"/>
 <o:File HRef="image163.jpg"/>
 <o:File HRef="image164.jpg"/>
 <o:File HRef="image165.jpg"/>
 <o:File HRef="image166.jpg"/>
 <o:File HRef="image167.jpg"/>
 <o:File HRef="image168.jpg"/>
 <o:File HRef="image169.jpg"/>
 <o:File HRef="image170.jpg"/>
 <o:File HRef="image171.jpg"/>
 <o:File HRef="image172.jpg"/>
 <o:File HRef="image173.jpg"/>
 <o:File HRef="image174.jpg"/>
 <o:File HRef="image175.jpg"/>
 <o:File HRef="image176.jpg"/>
 <o:File HRef="image177.jpg"/>
 <o:File HRef="image178.jpg"/>
 <o:File HRef="image179.jpg"/>
 <o:File HRef="image180.jpg"/>
 <o:File HRef="image181.jpg"/>
 <o:File HRef="image182.jpg"/>
 <o:File HRef="image183.jpg"/>
 <o:File HRef="image184.jpg"/>
 <o:File HRef="image185.jpg"/>
 <o:File HRef="image186.jpg"/>
 <o:File HRef="image187.jpg"/>
 <o:File HRef="image188.jpg"/>
 <o:File HRef="image189.jpg"/>
 <o:File HRef="image190.jpg"/>
 <o:File HRef="image191.jpg"/>
 <o:File HRef="image192.jpg"/>
 <o:File HRef="image193.jpg"/>
 <o:File HRef="image194.jpg"/>
 <o:File HRef="image195.jpg"/>
 <o:File HRef="image196.jpg"/>
 <o:File HRef="image197.jpg"/>
 <o:File HRef="image198.jpg"/>
 <o:File HRef="image199.jpg"/>
 <o:File HRef="image200.jpg"/>
 <o:File HRef="image201.jpg"/>
 <o:File HRef="image202.jpg"/>
 <o:File HRef="image203.jpg"/>
 <o:File HRef="image204.jpg"/>
 <o:File HRef="image205.jpg"/>
 <o:File HRef="image206.jpg"/>
 <o:File HRef="image207.jpg"/>
 <o:File HRef="image208.jpg"/>
 <o:File HRef="image209.jpg"/>
 <o:File HRef="image210.jpg"/>
 <o:File HRef="image211.jpg"/>
 <o:File HRef="image212.jpg"/>
 <o:File HRef="image213.jpg"/>
 <o:File HRef="image214.jpg"/>
 <o:File HRef="image215.jpg"/>
 <o:File HRef="image216.jpg"/>
 <o:File HRef="image217.jpg"/>
 <o:File HRef="image218.jpg"/>
 <o:File HRef="image219.jpg"/>
 <o:File HRef="image220.jpg"/>
 <o:File HRef="image221.jpg"/>
 <o:File HRef="image222.jpg"/>
 <o:File HRef="image223.jpg"/>
 <o:File HRef="image224.jpg"/>
 <o:File HRef="image225.jpg"/>
 <o:File HRef="image226.jpg"/>
 <o:File HRef="image227.jpg"/>
 <o:File HRef="image228.jpg"/>
 <o:File HRef="image229.jpg"/>
 <o:File HRef="image230.jpg"/>
 <o:File HRef="image231.jpg"/>
 <o:File HRef="image232.jpg"/>
 <o:File HRef="image233.jpg"/>
 <o:File HRef="image234.jpg"/>
 <o:File HRef="image235.jpg"/>
 <o:File HRef="image236.jpg"/>
 <o:File HRef="image237.jpg"/>
 <o:File HRef="image238.jpg"/>
 <o:File HRef="image239.jpg"/>
 <o:File HRef="image240.jpg"/>
 <o:File HRef="image241.jpg"/>
 <o:File HRef="image242.jpg"/>
 <o:File HRef="image243.jpg"/>
 <o:File HRef="image244.jpg"/>
 <o:File HRef="image245.jpg"/>
 <o:File HRef="image246.jpg"/>
 <o:File HRef="filelist.xml"/>
</xml>